{
    "is_day": 1,
    "daily_high": 68,
    "daily_low": 56,
    "daily_rain_prob": 12,
    "sunrise": "06:57 AM",
    "sunset": "08:31 PM",
    "hourly_weather_codes": [
        0,
        0,
        0,
        3,
        3,
        3,
        3,
        3,
        3,
        3,
        3,
        3,
        3,
        2,
        2,
        1,
        1,
        1,
        0,
        0,
        1,
        2,
        0,
        0
    ],
    "hours": [
        "12AM",
        "1AM",
        "2AM",
        "3AM",
        "4AM",
        "5AM",
        "6AM",
        "7AM",
        "8AM",
        "9AM",
        "10AM",
        "11AM",
        "12PM",
        "1PM",
        "2PM",
        "3PM",
        "4PM",
        "5PM",
        "6PM",
        "7PM",
        "8PM",
        "9PM",
        "10PM",
        "11PM"
    ],
    "hourly_temp": [
        65,
        64,
        60,
        59,
        59,
        60,
        58,
        60,
        57,
        57,
        57,
        59,
        60,
        62,
        66,
        66,
        67,
        68,
        68,
        68,
        66,
        62,
        59,
        56
    ],
    "hourly_rain_prob": [
        0,
        0,
        1,
        1,
        0,
        3,
        9,
        8,
        12,
        11,
        6,
        1,
        0,
        0,
        0,
        0,
        0,
        0,
        1,
        1,
        1,
        0,
        0,
        0
    ],
    "hourly_wind_speed": [
        15,
        15,
        13,
        10,
        12,
        12,
        11,
        16,
        15,
        17,
        20,
        20,
        17,
        17,
        14,
        12,
        11,
        10,
        9,
        10,
        9,
        5,
        5,
        5
    ],
    "current_temp": 68,
    "current_weather_code": 1,
    "current_wind_speed": 10
}