{
    "0": {
        "day": {
            "description": "Sunny",
            "image": "https://cdn.weatherbit.io/static/img/icons/c01d.png",
            "colors": [
                "#ffe7a3",
                "#ADD8E6",
                "#4682B4"
            ]
        },
        "night": {
            "description": "Clear",
            "image": "https://cdn.weatherbit.io/static/img/icons/c01n.png",
            "colors": [
                "#1E3C72",
                "#2A5298"
            ]
        }
    },
    "1": {
        "day": {
            "description": "Mainly Sunny",
            "image": "https://cdn.weatherbit.io/static/img/icons/c02d.png",
            "colors": [
                "#ffe7a3",
                "#ADD8E6",
                "#4682B4"
            ]
        },
        "night": {
            "description": "Mainly Clear",
            "image": "https://cdn.weatherbit.io/static/img/icons/c02n.png",
            "colors": [
                "#1E3C72",
                "#2A5298"
            ]
        }
    },
    "2": {
        "day": {
            "description": "Partly Cloudy",
            "image": "https://cdn.weatherbit.io/static/img/icons/c02d.png",
            "colors": [
                "#ffe7a3",
                "#ADD8E6",
                "#4682B4"
            ]
        },
        "night": {
            "description": "Partly Cloudy",
            "image": "https://cdn.weatherbit.io/static/img/icons/c02n.png",
            "colors": [
                "#1E3C72",
                "#2A5298"
            ]
        }
    },
    "3": {
        "day": {
            "description": "Cloudy",
            "image": "https://cdn.weatherbit.io/static/img/icons/c03d.png",
            "colors": [
                "#AAB0B6",
                "#8A8F95"
            ]
        },
        "night": {
            "description": "Cloudy",
            "image": "https://cdn.weatherbit.io/static/img/icons/c03n.png",
            "colors": [
                "#4B4F57",
                "#2F343A"
            ]
        }
    },
    "45": {
        "day": {
            "description": "Foggy",
            "image": "https://cdn.weatherbit.io/static/img/icons/a05d.png",
            "colors": [
                "#E0E0E0",
                "#C0C0C0"
            ]
        },
        "night": {
            "description": "Foggy",
            "image": "https://cdn.weatherbit.io/static/img/icons/a05n.png",
            "colors": [
                "#2E2E2E",
                "#4D4D4D"
            ]
        }
    },
    "48": {
        "day": {
            "description": "Rime Fog",
            "image": "https://cdn.weatherbit.io/static/img/icons/a05d.png",
            "colors": [
                "#E0E0E0",
                "#C0C0C0"
            ]
        },
        "night": {
            "description": "Rime Fog",
            "image": "https://cdn.weatherbit.io/static/img/icons/a05n.png",
            "colors": [
                "#2E2E2E",
                "#4D4D4D"
            ]
        }
    },
    "51": {
        "day": {
            "description": "Light Drizzle",
            "image": "https://cdn.weatherbit.io/static/img/icons/d03d.png",
            "colors": [
                "#C5CED3",
                "#A3AEB4"
            ]
        },
        "night": {
            "description": "Light Drizzle",
            "image": "https://cdn.weatherbit.io/static/img/icons/d03d.png",
            "colors": [
                "#2A2F34",
                "#3F474E"
            ]
        }
    },
    "53": {
        "day": {
            "description": "Drizzle",
            "image": "https://cdn.weatherbit.io/static/img/icons/d03d.png",
            "colors": [
                "#C5CED3",
                "#A3AEB4"
            ]
        },
        "night": {
            "description": "Drizzle",
            "image": "https://cdn.weatherbit.io/static/img/icons/d03d.png",
            "colors": [
                "#2A2F34",
                "#3F474E"
            ]
        }
    },
    "55": {
        "day": {
            "description": "Heavy Drizzle",
            "image": "https://cdn.weatherbit.io/static/img/icons/d03d.png",
            "colors": [
                "#C5CED3",
                "#A3AEB4"
            ]
        },
        "night": {
            "description": "Heavy Drizzle",
            "image": "https://cdn.weatherbit.io/static/img/icons/d03d.png",
            "colors": [
                "#2A2F34",
                "#3F474E"
            ]
        }
    },
    "56": {
        "day": {
            "description": "Light Freezing Drizzle",
            "image": "https://cdn.weatherbit.io/static/img/icons/d03d.png",
            "colors": [
                "#C5CED3",
                "#A3AEB4"
            ]
        },
        "night": {
            "description": "Light Freezing Drizzle",
            "image": "https://cdn.weatherbit.io/static/img/icons/d03d.png",
            "colors": [
                "#2A2F34",
                "#3F474E"
            ]
        }
    },
    "57": {
        "day": {
            "description": "Freezing Drizzle",
            "image": "https://cdn.weatherbit.io/static/img/icons/d03d.png",
            "colors": [
                "#C5CED3",
                "#A3AEB4"
            ]
        },
        "night": {
            "description": "Freezing Drizzle",
            "image": "https://cdn.weatherbit.io/static/img/icons/d03d.png",
            "colors": [
                "#2A2F34",
                "#3F474E"
            ]
        }
    },
    "61": {
        "day": {
            "description": "Light Rain",
            "image": "https://cdn.weatherbit.io/static/img/icons/f01d.png",
            "colors": [
                "#BDC3C7",
                "#95A5A6"
            ]
        },
        "night": {
            "description": "Light Rain",
            "image": "https://cdn.weatherbit.io/static/img/icons/f01d.png",
            "colors": [
                "#34495E",
                "#2C3E50"
            ]
        }
    },
    "63": {
        "day": {
            "description": "Rain",
            "image": "https://cdn.weatherbit.io/static/img/icons/f01d.png",
            "colors": [
                "#BDC3C7",
                "#95A5A6"
            ]
        },
        "night": {
            "description": "Rain",
            "image": "https://cdn.weatherbit.io/static/img/icons/f01d.png",
            "colors": [
                "#34495E",
                "#2C3E50"
            ]
        }
    },
    "65": {
        "day": {
            "description": "Heavy Rain",
            "image": "https://cdn.weatherbit.io/static/img/icons/f01d.png",
            "colors": [
                "#BDC3C7",
                "#95A5A6"
            ]
        },
        "night": {
            "description": "Heavy Rain",
            "image": "https://cdn.weatherbit.io/static/img/icons/f01d.png",
            "colors": [
                "#BDC3C7",
                "#95A5A6"
            ]
        }
    },
    "66": {
        "day": {
            "description": "Light Freezing Rain",
            "image": "https://cdn.weatherbit.io/static/img/icons/f01d.png",
            "colors": [
                "#BDC3C7",
                "#95A5A6"
            ]
        },
        "night": {
            "description": "Light Freezing Rain",
            "image": "https://cdn.weatherbit.io/static/img/icons/f01d.png",
            "colors": [
                "#34495E",
                "#2C3E50"
            ]
        }
    },
    "67": {
        "day": {
            "description": "Freezing Rain",
            "image": "https://cdn.weatherbit.io/static/img/icons/f01d.png",
            "colors": [
                "#BDC3C7",
                "#95A5A6"
            ]
        },
        "night": {
            "description": "Freezing Rain",
            "image": "https://cdn.weatherbit.io/static/img/icons/f01d.png",
            "colors": [
                "#34495E",
                "#2C3E50"
            ]
        }
    },
    "71": {
        "day": {
            "description": "Light Snow",
            "image": "https://cdn.weatherbit.io/static/img/icons/s01d.png",
            "colors": [
                "#F0F8FF",
                "#DDEEFF"
            ]
        },
        "night": {
            "description": "Light Snow",
            "image": "https://cdn.weatherbit.io/static/img/icons/s01n.png",
            "colors": [
                "#1E2A3A",
                "#28394F"
            ]
        }
    },
    "73": {
        "day": {
            "description": "Snow",
            "image": "https://cdn.weatherbit.io/static/img/icons/s02d.png",
            "colors": [
                "#F0F8FF",
                "#DDEEFF"
            ]
        },
        "night": {
            "description": "Snow",
            "image": "https://cdn.weatherbit.io/static/img/icons/s02d.png",
            "colors": [
                "#1E2A3A",
                "#28394F"
            ]
        }
    },
    "75": {
        "day": {
            "description": "Heavy Snow",
            "image": "https://cdn.weatherbit.io/static/img/icons/s02d.png",
            "colors": [
                "#F0F8FF",
                "#DDEEFF"
            ]
        },
        "night": {
            "description": "Heavy Snow",
            "image": "https://cdn.weatherbit.io/static/img/icons/s02d.png",
            "colors": [
                "#1E2A3A",
                "#28394F"
            ]
        }
    },
    "77": {
        "day": {
            "description": "Snow Grains",
            "image": "https://cdn.weatherbit.io/static/img/icons/s01d.png",
            "colors": [
                "#F0F8FF",
                "#DDEEFF"
            ]
        },
        "night": {
            "description": "Snow Grains",
            "image": "https://cdn.weatherbit.io/static/img/icons/s01n.png",
            "colors": [
                "#1E2A3A",
                "#28394F"
            ]
        }
    },
    "80": {
        "day": {
            "description": "Light Showers",
            "image": "https://cdn.weatherbit.io/static/img/icons/r02d.png",
            "colors": [
                "#A4B0BE",
                "#747D8C"
            ]
        },
        "night": {
            "description": "Light Showers",
            "image": "https://cdn.weatherbit.io/static/img/icons/r02d.png",
            "colors": [
                "#2F3542",
                "#1E272E"
            ]
        }
    },
    "81": {
        "day": {
            "description": "Showers",
            "image": "https://cdn.weatherbit.io/static/img/icons/r02d.png",
            "colors": [
                "#A4B0BE",
                "#747D8C"
            ]
        },
        "night": {
            "description": "Showers",
            "image": "https://cdn.weatherbit.io/static/img/icons/r02d.png",
            "colors": [
                "#2F3542",
                "#1E272E"
            ]
        }
    },
    "82": {
        "day": {
            "description": "Heavy Showers",
            "image": "https://cdn.weatherbit.io/static/img/icons/r03d.png",
            "colors": [
                "#A4B0BE",
                "#747D8C"
            ]
        },
        "night": {
            "description": "Heavy Showers",
            "image": "https://cdn.weatherbit.io/static/img/icons/r03n.png",
            "colors": [
                "#2F3542",
                "#1E272E"
            ]
        }
    },
    "85": {
        "day": {
            "description": "Light Snow Showers",
            "image": "https://cdn.weatherbit.io/static/img/icons/s01d.png",
            "colors": [
                "#E6F0FA",
                "#CCDDEE"
            ]
        },
        "night": {
            "description": "Light Snow Showers",
            "image": "https://cdn.weatherbit.io/static/img/icons/s01n.png",
            "colors": [
                "#1E2F3F",
                "#152535"
            ]
        }
    },
    "86": {
        "day": {
            "description": "Snow Showers",
            "image": "https://cdn.weatherbit.io/static/img/icons/s02d.png",
            "colors": [
                "#E6F0FA",
                "#CCDDEE"
            ]
        },
        "night": {
            "description": "Snow Showers",
            "image": "https://cdn.weatherbit.io/static/img/icons/s02d.png",
            "colors": [
                "#1B2631",
                "#121A22"
            ]
        }
    },
    "95": {
        "day": {
            "description": "Thunderstorm",
            "image": "https://cdn.weatherbit.io/static/img/icons/t01d.png",
            "colors": [
                "#BDC3C7",
                "#95A5A6"
            ]
        },
        "night": {
            "description": "Thunderstorm",
            "image": "https://cdn.weatherbit.io/static/img/icons/t03n.png",
            "colors": [
                "#34495E",
                "#2C3E50"
            ]
        }
    },
    "96": {
        "day": {
            "description": "Light Thunderstorms With Hail",
            "image": "https://cdn.weatherbit.io/static/img/icons/t05d.png",
            "colors": [
                "#BDC3C7",
                "#95A5A6"
            ]
        },
        "night": {
            "description": "Light Thunderstorms With Hail",
            "image": "https://cdn.weatherbit.io/static/img/icons/t05d.png",
            "colors": [
                "#34495E",
                "#2C3E50"
            ]
        }
    },
    "99": {
        "day": {
            "description": "Thunderstorm With Hail",
            "image": "https://cdn.weatherbit.io/static/img/icons/t05d.png",
            "colors": [
                "#BDC3C7",
                "#95A5A6"
            ]
        },
        "night": {
            "description": "Thunderstorm With Hail",
            "image": "https://cdn.weatherbit.io/static/img/icons/t05n.png",
            "colors": [
                "#34495E",
                "#2C3E50"
            ]
        }
    }
}